{
    "cpu_cycles_pass2_start": 5161949477833,
    "NameTable": {
        "std": [
            "std",
            "reYIK",
            "module",
            1
        ],
        "tb_barrett_reduction": [
            "tb_barrett_reduction",
            "xHz6B",
            "module",
            2
        ],
        "...MASTER...": [
            "SIM",
            "amcQw",
            "module",
            3
        ]
    },
    "incremental": "on",
    "cycles_program_begin": 5159396745083,
    "perf": [
        {
            "stat": [
                "main",
                "entry",
                0.11606216430664062,
                0.220105,
                0.098701999999999998,
                347952,
                347952,
                0.0,
                0.0,
                1697005556.3827391,
                5159399531875
            ],
            "sub": [
                {
                    "stat": [
                        "doParsingAndDesignResolution",
                        "entry",
                        1.6363492012023926,
                        0.28820000000000001,
                        0.122118,
                        362100,
                        362100,
                        0.0,
                        0.0,
                        1697005557.9030261,
                        5160919613750
                    ],
                    "sub": []
                },
                {
                    "stat": [
                        "doParsingAndDesignResolution",
                        "exit",
                        1.9034161567687988,
                        0.451936,
                        0.24831600000000001,
                        465024,
                        530104,
                        0.0,
                        0.0,
                        1697005558.1700931,
                        5161186667333
                    ],
                    "sub": []
                },
                {
                    "stat": [
                        "doPostDesignResolutionToVir2Vcs",
                        "entry",
                        1.9290452003479004,
                        0.46402900000000002,
                        0.256463,
                        449176,
                        530104,
                        0.0,
                        0.0,
                        1697005558.1957221,
                        5161212298375
                    ],
                    "sub": [
                        {
                            "stat": [
                                "doUptoVir2VcsNoSepCleanup",
                                "entry",
                                2.004256010055542,
                                0.51621799999999995,
                                0.269071,
                                450028,
                                530104,
                                0.0,
                                0.0,
                                1697005558.2709329,
                                5161287508500
                            ],
                            "sub": []
                        },
                        {
                            "stat": [
                                "doUptoVir2VcsNoSepCleanup",
                                "exit",
                                2.3172781467437744,
                                0.744506,
                                0.30579699999999999,
                                465936,
                                530104,
                                0.0,
                                0.0,
                                1697005558.583955,
                                5161600536750
                            ],
                            "sub": []
                        },
                        {
                            "stat": [
                                "doRadify_vir2vcsAll",
                                "entry",
                                2.3202271461486816,
                                0.74570400000000003,
                                0.30687799999999998,
                                465940,
                                530104,
                                0.0,
                                0.0,
                                1697005558.586904,
                                5161603463375
                            ],
                            "sub": []
                        },
                        {
                            "stat": [
                                "doRadify_vir2vcsAll",
                                "exit",
                                2.3739650249481201,
                                0.78366100000000005,
                                0.31667099999999998,
                                466344,
                                530104,
                                0.0,
                                0.0,
                                1697005558.6406419,
                                5161657233166
                            ],
                            "sub": []
                        }
                    ]
                },
                {
                    "stat": [
                        "doPostDesignResolutionToVir2Vcs",
                        "exit",
                        2.3740429878234863,
                        0.78371900000000005,
                        0.31669399999999998,
                        466344,
                        530104,
                        0.0,
                        0.0,
                        1697005558.6407199,
                        5161657256458
                    ],
                    "sub": []
                },
                {
                    "stat": [
                        "doGAToPass2",
                        "entry",
                        2.3741030693054199,
                        0.78376199999999996,
                        0.31671199999999999,
                        466344,
                        530104,
                        0.0,
                        0.0,
                        1697005558.64078,
                        5161657316333
                    ],
                    "sub": [
                        {
                            "stat": [
                                "DoPass2",
                                "entry",
                                2.6661550998687744,
                                0.79503400000000002,
                                0.32263700000000001,
                                464888,
                                530104,
                                0.19000600000000001,
                                0.065292000000000003,
                                1697005558.932832,
                                5161949405583
                            ],
                            "sub": []
                        },
                        {
                            "stat": [
                                "DoPass2",
                                "exit",
                                2.8727080821990967,
                                0.93151499999999998,
                                0.34340100000000001,
                                466316,
                                530104,
                                0.21638499999999999,
                                0.071027000000000007,
                                1697005559.139385,
                                5162155934791
                            ],
                            "sub": []
                        }
                    ]
                },
                {
                    "stat": [
                        "doGAToPass2",
                        "exit",
                        2.8892002105712891,
                        0.94128299999999998,
                        0.34530499999999997,
                        466396,
                        530104,
                        0.21638499999999999,
                        0.071027000000000007,
                        1697005559.1558771,
                        5162172439666
                    ],
                    "sub": []
                }
            ]
        },
        {
            "stat": [
                "main",
                "exit",
                2.8911290168762207,
                0.94253699999999996,
                0.34544599999999998,
                466404,
                530104,
                0.21638499999999999,
                0.071027000000000007,
                1697005559.1578059,
                5162174346250
            ],
            "sub": []
        }
    ],
    "stat": {
        "ru_self_cgstart": {
            "ru_majflt": 1436,
            "ru_utime_sec": 0.79530199999999995,
            "ru_stime_sec": 0.32334200000000002,
            "ru_maxrss_kb": 161540,
            "ru_minflt": 30079,
            "ru_nvcsw": 2407,
            "ru_nivcsw": 46
        },
        "cpu_cycles_end": 5162174631541,
        "ru_childs_cgstart": {
            "ru_majflt": 198,
            "ru_utime_sec": 0.19000600000000001,
            "ru_stime_sec": 0.065292000000000003,
            "ru_maxrss_kb": 75740,
            "ru_minflt": 9795,
            "ru_nvcsw": 219,
            "ru_nivcsw": 1
        },
        "Frontend(%)": 84.997644964105106,
        "cpu_cycles_cgstart": 5161950640583,
        "realTime": 2.8914570808410645,
        "ru_self_end": {
            "ru_majflt": 1510,
            "ru_utime_sec": 0.94283300000000003,
            "ru_stime_sec": 0.34544599999999998,
            "ru_maxrss_kb": 181124,
            "ru_minflt": 36513,
            "ru_nvcsw": 2703,
            "ru_nivcsw": 53
        },
        "nMops": 1208,
        "nQuads": 438,
        "totalObjSize": 114750,
        "cpu_cycles_total": 2777886458,
        "outputSizePerQuad": 261.98630136986299,
        "ru_childs_end": {
            "ru_majflt": 217,
            "ru_utime_sec": 0.21638499999999999,
            "ru_stime_sec": 0.071027000000000007,
            "ru_maxrss_kb": 77088,
            "ru_minflt": 10785,
            "ru_nvcsw": 251,
            "ru_nivcsw": 1
        },
        "mopSpeed": 6946.1215571272451,
        "quadSpeed": 2518.5440745213023,
        "mop/quad": 2.7579908675799087,
        "CodeGen(%)": 15.002355035894897,
        "peak_mem_kb": 530104
    },
    "MlibObjs": {},
    "CompileProcesses": [
        "cgproc.1408.json"
    ],
    "PrevCompiledModules": {
        "std": {
            "reYIK_d": {
                "bytes": 43450,
                "mode": 4,
                "mod": "std",
                "checksum": 0,
                "archive": "archive.2/_prev_archive_1.a",
                "out": "reYIK_d.o"
            }
        },
        "...MASTER...": {
            "amcQw_d": {
                "bytes": 7840,
                "mode": 4,
                "mod": "...MASTER...",
                "checksum": 0,
                "out": "objs/amcQw_d.o"
            }
        },
        "tb_barrett_reduction": {
            "xHz6B_d": {
                "bytes": 24668,
                "mode": 4,
                "mod": "tb_barrett_reduction",
                "out": "xHz6B_d.o",
                "checksum": 0,
                "archive": "archive.2/_prev_archive_1.a"
            }
        }
    },
    "CurCompileModules": [
        "...MASTER...",
        "std",
        "tb_barrett_reduction"
    ],
    "PEModules": [],
    "CompileStrategy": "fullobj",
    "CurCompileUdps": {},
    "CompileStatus": "Successful",
    "LVLData": [
        "SIM"
    ],
    "SIMBData": {
        "out": "amcQwB.o",
        "bytes": 114750,
        "text": 0,
        "archive": "archive.2/_1408_archive_1.a"
    },
    "Misc": {
        "vcs_build_date": "Build Date = May 08 2019 20:31:38",
        "VCS_HOME": "/usr/synopsys/vc_static-O-2018.09-SP2-2/vcs-mx/",
        "archive_dir": "archive.2",
        "vcs_version": "O-2018.09-SP2-2_Full64",
        "csrc_abs": "/media/share/GitHub/ntt-for-hps-integration/rtl/bu/barret_reduction/csrc",
        "master_pid": 1408,
        "hostname": "",
        "daidir": "/media/share/Github/ntt-for-hps-integration/rtl/bu/barret_reduction/simv.daidir",
        "cwd": "/media/share/Github/ntt-for-hps-integration/rtl/bu/barret_reduction",
        "csrc": "csrc",
        "daidir_abs": "/media/share/Github/ntt-for-hps-integration/rtl/bu/barret_reduction/simv.daidir",
        "default_output_dir": "csrc"
    },
    "rlimit": {
        "data": -1,
        "stack": -1
    }
}