{
	"partitions" : [
		{
			"name" : "Top",
			"pins" : [
				{
					"name" : "data_out1[0]",
					"strict" : false
				},
				{
					"name" : "data_out1[1]",
					"strict" : false
				},
				{
					"name" : "data_out1[2]",
					"strict" : false
				},
				{
					"name" : "data_out1[3]",
					"strict" : false
				},
				{
					"name" : "data_out1[4]",
					"strict" : false
				},
				{
					"name" : "data_out1[5]",
					"strict" : false
				},
				{
					"name" : "data_out1[6]",
					"strict" : false
				},
				{
					"name" : "data_out1[7]",
					"strict" : false
				},
				{
					"name" : "data_out1[8]",
					"strict" : false
				},
				{
					"name" : "data_out1[9]",
					"strict" : false
				},
				{
					"name" : "data_out1[10]",
					"strict" : false
				},
				{
					"name" : "data_out1[11]",
					"strict" : false
				},
				{
					"name" : "data_out1[12]",
					"strict" : false
				},
				{
					"name" : "data_out1[13]",
					"strict" : false
				},
				{
					"name" : "data_out1[14]",
					"strict" : false
				},
				{
					"name" : "data_out1[15]",
					"strict" : false
				},
				{
					"name" : "data_out2[0]",
					"strict" : false
				},
				{
					"name" : "data_out2[1]",
					"strict" : false
				},
				{
					"name" : "data_out2[2]",
					"strict" : false
				},
				{
					"name" : "data_out2[3]",
					"strict" : false
				},
				{
					"name" : "data_out2[4]",
					"strict" : false
				},
				{
					"name" : "data_out2[5]",
					"strict" : false
				},
				{
					"name" : "data_out2[6]",
					"strict" : false
				},
				{
					"name" : "data_out2[7]",
					"strict" : false
				},
				{
					"name" : "data_out2[8]",
					"strict" : false
				},
				{
					"name" : "data_out2[9]",
					"strict" : false
				},
				{
					"name" : "data_out2[10]",
					"strict" : false
				},
				{
					"name" : "data_out2[11]",
					"strict" : false
				},
				{
					"name" : "data_out2[12]",
					"strict" : false
				},
				{
					"name" : "data_out2[13]",
					"strict" : false
				},
				{
					"name" : "data_out2[14]",
					"strict" : false
				},
				{
					"name" : "data_out2[15]",
					"strict" : false
				},
				{
					"name" : "in_done",
					"strict" : false
				},
				{
					"name" : "cal_done",
					"strict" : false
				},
				{
					"name" : "done",
					"strict" : false
				},
				{
					"name" : "clk",
					"strict" : false
				},
				{
					"name" : "start",
					"strict" : false
				},
				{
					"name" : "rst",
					"strict" : false
				},
				{
					"name" : "mode",
					"strict" : false
				},
				{
					"name" : "we",
					"strict" : false
				},
				{
					"name" : "data_ina[0]",
					"strict" : false
				},
				{
					"name" : "address_ina[0]",
					"strict" : false
				},
				{
					"name" : "address_ina[1]",
					"strict" : false
				},
				{
					"name" : "address_ina[2]",
					"strict" : false
				},
				{
					"name" : "address_ina[3]",
					"strict" : false
				},
				{
					"name" : "address_ina[4]",
					"strict" : false
				},
				{
					"name" : "address_ina[5]",
					"strict" : false
				},
				{
					"name" : "address_ina[6]",
					"strict" : false
				},
				{
					"name" : "address_ina[7]",
					"strict" : false
				},
				{
					"name" : "data_inb[0]",
					"strict" : false
				},
				{
					"name" : "address_inb[0]",
					"strict" : false
				},
				{
					"name" : "address_inb[1]",
					"strict" : false
				},
				{
					"name" : "address_inb[2]",
					"strict" : false
				},
				{
					"name" : "address_inb[3]",
					"strict" : false
				},
				{
					"name" : "address_inb[4]",
					"strict" : false
				},
				{
					"name" : "address_inb[5]",
					"strict" : false
				},
				{
					"name" : "address_inb[6]",
					"strict" : false
				},
				{
					"name" : "address_inb[7]",
					"strict" : false
				},
				{
					"name" : "data_ina[1]",
					"strict" : false
				},
				{
					"name" : "data_inb[1]",
					"strict" : false
				},
				{
					"name" : "data_ina[2]",
					"strict" : false
				},
				{
					"name" : "data_inb[2]",
					"strict" : false
				},
				{
					"name" : "data_ina[3]",
					"strict" : false
				},
				{
					"name" : "data_inb[3]",
					"strict" : false
				},
				{
					"name" : "data_ina[4]",
					"strict" : false
				},
				{
					"name" : "data_inb[4]",
					"strict" : false
				},
				{
					"name" : "data_ina[5]",
					"strict" : false
				},
				{
					"name" : "data_inb[5]",
					"strict" : false
				},
				{
					"name" : "data_ina[6]",
					"strict" : false
				},
				{
					"name" : "data_inb[6]",
					"strict" : false
				},
				{
					"name" : "data_ina[7]",
					"strict" : false
				},
				{
					"name" : "data_inb[7]",
					"strict" : false
				},
				{
					"name" : "data_ina[8]",
					"strict" : false
				},
				{
					"name" : "data_inb[8]",
					"strict" : false
				},
				{
					"name" : "data_ina[9]",
					"strict" : false
				},
				{
					"name" : "data_inb[9]",
					"strict" : false
				},
				{
					"name" : "data_ina[10]",
					"strict" : false
				},
				{
					"name" : "data_inb[10]",
					"strict" : false
				},
				{
					"name" : "data_ina[11]",
					"strict" : false
				},
				{
					"name" : "data_inb[11]",
					"strict" : false
				},
				{
					"name" : "data_ina[12]",
					"strict" : false
				},
				{
					"name" : "data_inb[12]",
					"strict" : false
				},
				{
					"name" : "data_ina[13]",
					"strict" : false
				},
				{
					"name" : "data_inb[13]",
					"strict" : false
				},
				{
					"name" : "data_ina[14]",
					"strict" : false
				},
				{
					"name" : "data_inb[14]",
					"strict" : false
				},
				{
					"name" : "data_ina[15]",
					"strict" : false
				},
				{
					"name" : "data_inb[15]",
					"strict" : false
				}
			]
		}
	]
}